run,R_active,t_to_thr_base,t_to_thr_reset,residual_base,residual_reset
0,2.6645352591003757e-15,0.0,0.0,4.9858063559503085,4.964095080362181
1,2.831068712794149e-15,0.0,0.0,4.939812128514764,4.922262194270781
2,3.885780586188048e-15,0.0,0.0,4.921779127586,4.902332920952084
3,nan,0.0,0.0,3.8740627815400765,3.8740627815400765
4,2.55351295663786e-15,0.0,0.0,4.789940217943945,4.780235547980336
5,nan,0.0,0.0,3.706982933053248,3.706982933053248
6,nan,0.0,0.0,4.559879285404898,4.559879285404898
7,nan,0.0,0.0,3.991478902247288,3.991478902247288
8,2.886579864025407e-15,0.0,0.0,4.7040346057577045,4.701387276968651
9,nan,0.0,0.0,4.182211796289382,4.182211796289382
10,nan,0.0,0.0,4.347835192403167,4.347835192403167
11,nan,0.0,0.0,4.5648436551590255,4.5648436551590255
12,nan,0.0,0.0,4.404667121601593,4.404667121601593
13,nan,0.0,0.0,4.180715917661192,4.180715917661192
14,2.7200464103316335e-15,0.0,0.0,4.922377699564787,4.9089461306849245
15,nan,0.0,0.0,4.314620172663444,4.314620172663444
16,2.6645352591003757e-15,0.0,0.0,4.891198940531561,4.880417361818264
17,nan,0.0,0.0,4.4632262748024845,4.4632262748024845
18,nan,0.0,0.0,4.519255976802782,4.519255976802782
19,nan,0.0,0.0,3.5719520914037117,3.5719520914037117
20,nan,0.0,0.0,4.1814356819407115,4.1814356819407115
21,nan,0.0,0.0,3.871567885576583,3.871567885576583
22,nan,0.0,0.0,4.0327076239391655,4.0327076239391655
23,2.6645352591003757e-15,0.0,0.0,4.786411182838804,4.7777301972291495
24,nan,0.0,0.0,4.162176947853165,4.162176947853165
25,nan,0.0,0.0,3.7502603651682174,3.7502603651682174
26,2.7755575615628914e-15,0.0,0.0,4.741795382032871,4.736472833715993
27,3.7192471324942744e-15,0.0,0.0,4.894840414111721,4.87868492012791
28,2.7755575615628914e-15,0.0,0.0,4.951325676529451,4.930773639445181
29,nan,0.0,0.0,4.444812589304018,4.444812589304018
30,nan,0.0,0.0,4.4462718315629814,4.4462718315629814
31,nan,0.0,0.0,4.331576308826956,4.331576308826956
32,nan,0.0,0.0,4.3360877265780315,4.3360877265780315
33,2.942091015256665e-15,0.0,0.0,4.767530056990427,4.759317542542328
34,nan,0.0,0.0,4.2421749418086865,4.2421749418086865
35,3.552713678800501e-15,0.0,0.0,4.866050007609696,4.851266634602528
36,nan,0.0,0.0,4.580624343076772,4.580624343076772
37,nan,0.0,0.0,3.8994557137418773,3.8994557137418773
38,nan,0.0,0.0,3.876475459024034,3.876475459024034
39,2.886579864025407e-15,0.0,0.0,4.979195008955583,4.957859308081133
40,2.942091015256665e-15,0.0,0.0,4.930688440417791,4.9142688628428655
41,nan,0.0,0.0,4.321328763789189,4.321328763789189
42,nan,0.0,0.0,4.020901467867676,4.020901467867676
43,nan,0.0,0.0,3.7220219209103846,3.7220219209103846
44,2.4980018054066022e-15,0.0,0.0,4.690613341421142,4.690193780604664
45,nan,0.0,0.0,4.293359289556331,4.293359289556331
46,3.219646771412954e-15,0.0,0.0,4.71385709797536,4.710705638323416
47,2.55351295663786e-15,0.0,0.0,4.858266668883174,4.8489266484751505
48,nan,0.0,0.0,4.265348747512592,4.265348747512592
49,nan,0.0,0.0,4.378029478982566,4.378029478982566
50,2.220446049250313e-15,0.0,0.0,4.70700331506031,4.706368517230639
51,nan,0.0,0.0,4.117620765108569,4.117620765108569
52,nan,0.0,0.0,4.198542746155965,4.198542746155965
53,nan,0.0,0.0,3.9054876362431896,3.9054876362431896
54,nan,0.0,0.0,3.5162804173420708,3.5162804173420708
55,nan,0.0,0.0,4.125725563209532,4.125725563209532
56,nan,0.0,0.0,3.756761054156786,3.756761054156786
57,nan,0.0,0.0,4.032601642672269,4.032601642672269
58,nan,0.0,0.0,4.4791265229236314,4.4791265229236314
59,3.9968028886505635e-15,0.0,0.0,5.069827709692942,5.031919910513021
60,nan,0.0,0.0,4.028294329950573,4.028294329950573
61,nan,0.0,0.0,4.593511977681707,4.593511977681707
62,nan,0.0,0.0,4.0238723403139565,4.0238723403139565
63,nan,0.0,0.0,4.311195495422166,4.311195495422166
64,nan,0.0,0.0,4.020843430054299,4.020843430054299
65,3.219646771412954e-15,0.0,0.0,4.749884752506196,4.744982545650734
66,nan,0.0,0.0,4.603053387997387,4.603053387997387
67,nan,0.0,0.0,4.187443424228727,4.187443424228727
68,3.774758283725532e-15,0.0,0.0,4.952045725946796,4.929663035750483
69,nan,0.0,0.0,4.623543245715178,4.623543245715178
70,nan,0.0,0.0,4.253399824127859,4.253399824127859
71,2.9976021664879227e-15,0.0,0.0,4.9002867416513025,4.882198082329887
72,nan,0.0,0.0,3.54741790619545,3.54741790619545
73,nan,0.0,0.0,4.596620584932427,4.596620584932427
74,nan,0.0,0.0,4.1560259709409335,4.1560259709409335
75,nan,0.0,0.0,4.527478333508016,4.527478333508016
76,3.219646771412954e-15,0.0,0.0,5.105414203445692,5.067113661290807
77,2.9976021664879227e-15,0.0,0.0,4.918326752672184,4.900523141071375
78,nan,0.0,0.0,4.42746771039609,4.42746771039609
79,nan,0.0,0.0,4.410793867588753,4.410793867588753
80,2.9976021664879227e-15,0.0,0.0,4.770381153811908,4.761316346637364
81,nan,0.0,0.0,4.419924120859517,4.419924120859517
82,nan,0.0,0.0,4.217125642762258,4.217125642762258
83,nan,0.0,0.0,4.292481158142237,4.292481158142237
84,nan,0.0,0.0,3.3565030937133304,3.3565030937133304
85,nan,0.0,0.0,4.498167596798817,4.498167596798817
86,2.9976021664879227e-15,0.0,0.0,5.05156901068751,5.022397990234072
87,nan,0.0,0.0,4.078886336578841,4.078886336578841
88,nan,0.0,0.0,4.534137811826723,4.534137811826723
89,2.6645352591003757e-15,0.0,0.0,4.81000903379507,4.799382304394859
90,2.886579864025407e-15,0.0,0.0,5.063960629877224,5.035216205861488
91,2.831068712794149e-15,0.0,0.0,4.659245283538154,4.658351465511333
92,nan,0.0,0.0,4.6870604539895915,4.6870604539895915
93,2.7755575615628914e-15,0.0,0.0,5.02698114930677,5.0008052161989855
94,nan,0.0,0.0,3.9465385447477135,3.9465385447477135
95,nan,0.0,0.0,4.505469670124904,4.505469670124904
96,nan,0.0,0.0,4.447721698864433,4.447721698864433
97,nan,0.0,0.0,3.9997353465113696,3.9997353465113696
98,nan,0.0,0.0,4.540848025180489,4.540848025180489
99,nan,0.0,0.0,4.470287413354131,4.470287413354131
100,3.552713678800501e-15,0.0,0.0,5.185515094142122,5.133521137017216
101,2.6645352591003757e-15,0.0,0.0,4.851291763971261,4.842505349744291
102,nan,0.0,0.0,4.183169002022715,4.183169002022715
103,nan,0.0,0.0,4.374550557832503,4.374550557832503
104,nan,0.0,0.0,4.0060532794327655,4.0060532794327655
105,3.9968028886505635e-15,0.0,0.0,5.438352951067491,5.346169670321225
106,nan,0.0,0.0,4.60131393171811,4.60131393171811
107,nan,0.0,0.0,3.8318958403133334,3.8318958403133334
108,2.886579864025407e-15,0.0,0.0,5.050708082208566,5.021741630121512
109,nan,0.0,0.0,3.8324084044582762,3.8324084044582762
110,nan,0.0,0.0,3.9067950387576147,3.9067950387576147
111,nan,0.0,0.0,4.214549593456138,4.214549593456138
112,nan,0.0,0.0,4.582425103817048,4.582425103817048
113,nan,0.0,0.0,4.056813717306974,4.056813717306974
114,nan,0.0,0.0,4.476187368680746,4.476187368680746
115,3.774758283725532e-15,0.0,0.0,4.89057138339167,4.873806714856725
116,nan,0.0,0.0,3.7577411541159282,3.7577411541159282
117,nan,0.0,0.0,4.083384164416261,4.083384164416261
118,nan,0.0,0.0,4.294197456405987,4.294197456405987
119,2.831068712794149e-15,0.0,0.0,4.667669064211304,4.666783386825056
120,3.7192471324942744e-15,0.0,0.0,4.852751872251727,4.837189552384402
121,nan,0.0,0.0,4.278742898195017,4.278742898195017
122,3.3306690738754696e-15,0.0,0.0,5.213340858902094,5.15784195206347
123,nan,0.0,0.0,4.541623056512655,4.541623056512655
124,3.0531133177191805e-15,0.0,0.0,4.7608799769752315,4.754080052336953
125,nan,0.0,0.0,4.012812260693879,4.012812260693879
126,nan,0.0,0.0,4.2748125968675215,4.2748125968675215
127,nan,0.0,0.0,4.608029446868571,4.608029446868571
128,nan,0.0,0.0,4.044291091404204,4.044291091404204
129,nan,0.0,0.0,4.248315332232126,4.248315332232126
130,2.7755575615628914e-15,0.0,0.0,4.7011032271525774,4.698451328868356
131,nan,0.0,0.0,4.465010639809129,4.465010639809129
132,nan,0.0,0.0,4.354813133754412,4.354813133754412
133,3.1086244689504383e-15,0.0,0.0,5.268893385209437,5.2058678379833365
134,2.9976021664879227e-15,0.0,0.0,5.023367939541344,4.995300961096119
135,2.831068712794149e-15,0.0,0.0,4.727680430461053,4.725143417307119
136,nan,0.0,0.0,3.501338569878773,3.501338569878773
137,3.4416913763379853e-15,0.0,0.0,4.9073513464887215,4.891251363945085
138,nan,0.0,0.0,4.197312657008209,4.197312657008209
139,2.7755575615628914e-15,0.0,0.0,4.7687164808418725,4.7622683314461405
140,nan,0.0,0.0,3.921732917870399,3.921732917870399
141,2.886579864025407e-15,0.0,0.0,4.952097505405487,4.930227331584864
142,3.83026943495679e-15,0.0,0.0,4.797726164035483,4.786834431130998
143,nan,0.0,0.0,3.7778070981721754,3.7778070981721754
144,nan,0.0,0.0,3.9439405020905833,3.9439405020905833
145,nan,0.0,0.0,3.6300254455612815,3.6300254455612815
146,nan,0.0,0.0,3.685033027463685,3.685033027463685
147,nan,0.0,0.0,3.9438086276875315,3.9438086276875315
148,nan,0.0,0.0,4.548998667497033,4.548998667497033
149,nan,0.0,0.0,4.046393214308662,4.046393214308662
150,nan,0.0,0.0,3.8482434112514063,3.8482434112514063
151,2.55351295663786e-15,0.0,0.0,4.8054605267918555,4.799517909613215
152,nan,0.0,0.0,3.382936718640003,3.382936718640003
153,nan,0.0,0.0,3.4833283001164355,3.4833283001164355
154,3.164135620181696e-15,0.0,0.0,4.74971925085852,4.746183843739012
155,nan,0.0,0.0,3.9529783312171154,3.9529783312171154
156,nan,0.0,0.0,4.4332195623385235,4.4332195623385235
157,nan,0.0,0.0,4.381264163651072,4.381264163651072
158,nan,0.0,0.0,4.212255452142278,4.212255452142278
159,nan,0.0,0.0,3.5517385909660533,3.5517385909660533
160,2.7755575615628914e-15,0.0,0.0,4.926206277691584,4.910174895164275
161,nan,0.0,0.0,3.933523605993076,3.933523605993076
162,2.3314683517128287e-15,0.0,0.0,4.8673263795206765,4.857339781400396
163,3.1086244689504383e-15,0.0,0.0,4.833298894705412,4.821115999021044
164,nan,0.0,0.0,4.065379282166526,4.065379282166526
165,nan,0.0,0.0,4.234230550225944,4.234230550225944
166,nan,0.0,0.0,4.207883279723071,4.207883279723071
167,2.9976021664879227e-15,0.0,0.0,5.162376158070026,5.115196728783219
168,2.942091015256665e-15,0.0,0.0,4.770200825211941,4.76530155773674
169,nan,0.0,0.0,4.313778884433655,4.313778884433655
170,2.55351295663786e-15,0.0,0.0,4.78449732431821,4.778897500647855
171,3.1086244689504383e-15,0.0,0.0,5.004754422563474,4.9815474477715
172,3.2751579226442118e-15,0.0,0.0,5.0797179395364696,5.049263161700654
173,2.9976021664879227e-15,0.0,0.0,5.1393378817451705,5.100267610451678
174,nan,0.0,0.0,4.612553997594327,4.612553997594327
175,nan,0.0,0.0,4.062295181259859,4.062295181259859
176,2.7200464103316335e-15,0.0,0.0,5.133432211637147,5.095611708627056
177,nan,0.0,0.0,3.752621019226557,3.752621019226557
178,nan,0.0,0.0,4.309573146118629,4.309573146118629
179,nan,0.0,0.0,3.8254453602996557,3.8254453602996557
180,nan,0.0,0.0,3.468392575743726,3.468392575743726
181,nan,0.0,0.0,3.9663265269707244,3.9663265269707244
182,3.4416913763379853e-15,0.0,0.0,4.946724493790062,4.92266007702987
183,nan,0.0,0.0,3.5918586461379913,3.5918586461379913
184,2.886579864025407e-15,0.0,0.0,4.911877389613914,4.894035510717519
185,nan,0.0,0.0,4.5065754577414765,4.5065754577414765
186,nan,0.0,0.0,4.066833510415178,4.066833510415178
187,nan,0.0,0.0,4.478769951701192,4.478769951701192
188,nan,0.0,0.0,4.292173188833072,4.292173188833072
189,2.831068712794149e-15,0.0,0.0,5.057746980942007,5.026203916617385
190,nan,0.0,0.0,3.675815026497489,3.675815026497489
191,nan,0.0,0.0,4.607450236110146,4.607450236110146
192,nan,0.0,0.0,3.677262438300651,3.677262438300651
193,nan,0.0,0.0,4.478688969407927,4.478688969407927
194,nan,0.0,0.0,3.650478361659602,3.650478361659602
195,nan,0.0,0.0,4.351869098399508,4.351869098399508
196,2.9976021664879227e-15,0.0,0.0,5.075234637988607,5.044845225601395
197,nan,0.0,0.0,3.6001924620988937,3.6001924620988937
198,2.9976021664879227e-15,0.0,0.0,4.711388546877487,4.708377094978114
199,nan,0.0,0.0,4.029517192846148,4.029517192846148
200,nan,0.0,0.0,3.8112039830189457,3.8112039830189457
201,nan,0.0,0.0,4.532541998771337,4.532541998771337
202,nan,0.0,0.0,4.520508655182213,4.520508655182213
203,2.55351295663786e-15,0.0,0.0,4.929861773725359,4.911867520301954
204,3.3861802251067274e-15,0.0,0.0,5.115425768478609,5.074161903892037
205,nan,0.0,0.0,4.626202551857324,4.626202551857324
206,nan,0.0,0.0,4.62023997314755,4.62023997314755
207,nan,0.0,0.0,4.279955062980682,4.279955062980682
208,3.2751579226442118e-15,0.0,0.0,4.885860451502627,4.872580621832809
209,nan,0.0,0.0,4.658279814931753,4.658279814931753
210,nan,0.0,0.0,3.8814034860338977,3.8814034860338977
211,nan,0.0,0.0,4.284282217658076,4.284282217658076
212,nan,0.0,0.0,4.259796978734539,4.259796978734539
213,nan,0.0,0.0,4.5679236539091645,4.5679236539091645
214,nan,0.0,0.0,4.275933888226998,4.275933888226998
215,nan,0.0,0.0,4.467471009532835,4.467471009532835
216,5.218048215738236e-15,0.0,0.0,4.980801517618345,4.951713697803392
217,3.2751579226442118e-15,0.0,0.0,4.925233085685267,4.907634451102065
218,nan,0.0,0.0,4.17827235525914,4.17827235525914
219,2.55351295663786e-15,0.0,0.0,4.755518509618234,4.752529062901377
220,2.6645352591003757e-15,0.0,0.0,4.798891210462181,4.792395690396824
221,nan,0.0,0.0,4.12719808246927,4.12719808246927
222,nan,0.0,0.0,4.280695752731514,4.280695752731514
223,nan,0.0,0.0,4.319666701222142,4.319666701222142
224,nan,0.0,0.0,4.577141047124829,4.577141047124829
225,nan,0.0,0.0,4.394673625223827,4.394673625223827
226,nan,0.0,0.0,3.741769260919526,3.741769260919526
227,nan,0.0,0.0,4.1507651893953765,4.1507651893953765
228,3.219646771412954e-15,0.0,0.0,5.055958696576897,5.0239897845268935
229,2.886579864025407e-15,0.0,0.0,4.7411742485915,4.734766606466659
230,nan,0.0,0.0,4.177953097389984,4.177953097389984
231,nan,0.0,0.0,3.3198697423040837,3.3198697423040837
232,2.7755575615628914e-15,0.0,0.0,5.010020831725547,4.98675735720697
233,2.886579864025407e-15,0.0,0.0,4.871520133260515,4.856285544684789
234,nan,0.0,0.0,4.288887106432557,4.288887106432557
235,nan,0.0,0.0,4.284398389180777,4.284398389180777
236,nan,0.0,0.0,3.6659230472760718,3.6659230472760718
237,2.55351295663786e-15,0.0,0.0,4.86096095548823,4.848700245930642
238,nan,0.0,0.0,4.643659681095333,4.643659681095333
239,nan,0.0,0.0,4.26280774857532,4.26280774857532
240,2.7755575615628914e-15,0.0,0.0,5.0405238261888154,5.0164012288701825
241,nan,0.0,0.0,4.437624178110442,4.437624178110442
242,2.6645352591003757e-15,0.0,0.0,4.799260955139486,4.79091121420406
243,nan,0.0,0.0,4.500659293716931,4.500659293716931
244,2.4424906541753444e-15,0.0,0.0,4.829517916151989,4.821327041713236
245,nan,0.0,0.0,4.537240806765902,4.537240806765902
246,nan,0.0,0.0,4.186704892038561,4.186704892038561
247,nan,0.0,0.0,4.163145803950856,4.163145803950856
248,nan,0.0,0.0,4.1062471351591965,4.1062471351591965
249,nan,0.0,0.0,3.9588357521598874,3.9588357521598874
250,nan,0.0,0.0,3.7287947217755995,3.7287947217755995
251,2.7755575615628914e-15,0.0,0.0,4.728089399192632,4.722059866111281
252,nan,0.0,0.0,4.076003639095334,4.076003639095334
253,2.4424906541753444e-15,0.0,0.0,4.806518370916574,4.799474973303409
254,nan,0.0,0.0,4.316903758657092,4.316903758657092
255,nan,0.0,0.0,3.6533192859494057,3.6533192859494057
256,nan,0.0,0.0,4.047266203069393,4.047266203069393
257,nan,0.0,0.0,4.066920132400313,4.066920132400313
258,nan,0.0,0.0,4.613709421511395,4.613709421511395
259,nan,0.0,0.0,3.7165230484146194,3.7165230484146194
260,nan,0.0,0.0,4.569092305723294,4.569092305723294
261,nan,0.0,0.0,4.436511390538347,4.436511390538347
262,2.7755575615628914e-15,0.0,0.0,4.956114523108145,4.938406460661185
263,nan,0.0,0.0,3.7549348680595642,3.7549348680595642
264,nan,0.0,0.0,3.8470435334024207,3.8470435334024207
265,nan,0.0,0.0,4.495811950123059,4.495811950123059
266,nan,0.0,0.0,4.249750246161955,4.249750246161955
267,nan,0.0,0.0,4.375140863348528,4.375140863348528
268,nan,0.0,0.0,4.373305564685814,4.373305564685814
269,nan,0.0,0.0,4.2949339424737705,4.2949339424737705
270,nan,0.0,0.0,4.224679505316457,4.224679505316457
271,nan,0.0,0.0,4.471949788680111,4.471949788680111
272,nan,0.0,0.0,4.434004980500021,4.434004980500021
273,nan,0.0,0.0,3.7493759426038014,3.7493759426038014
274,nan,0.0,0.0,4.42025078197396,4.42025078197396
275,3.3306690738754696e-15,0.0,0.0,4.980398965403136,4.958855833236506
276,nan,0.0,0.0,3.952327328075275,3.952327328075275
277,nan,0.0,0.0,4.48905895347727,4.48905895347727
278,nan,0.0,0.0,4.05276720395534,4.05276720395534
279,3.2751579226442118e-15,0.0,0.0,4.972859124371713,4.9527313214178585
280,2.4424906541753444e-15,0.0,0.0,4.832119991631219,4.825467511864189
281,nan,0.0,0.0,4.2363582601206256,4.2363582601206256
282,4.496403249731884e-15,0.0,0.0,5.363827105753008,5.2841506954743025
283,nan,0.0,0.0,4.28776826481734,4.28776826481734
284,nan,0.0,0.0,4.36463176742758,4.36463176742758
285,nan,0.0,0.0,3.591899979008229,3.591899979008229
286,nan,0.0,0.0,4.01198588931367,4.01198588931367
287,nan,0.0,0.0,4.034004550478783,4.034004550478783
288,nan,0.0,0.0,3.671605940462321,3.671605940462321
289,3.497202527569243e-15,0.0,0.0,4.876144440408236,4.8617491906473855
290,3.3306690738754696e-15,0.0,0.0,5.033653344008273,5.006228238388024
291,nan,0.0,0.0,4.169663978185353,4.169663978185353
292,nan,0.0,0.0,3.9601298704533248,3.9601298704533248
293,nan,0.0,0.0,4.136900469193572,4.136900469193572
294,nan,0.0,0.0,3.667110412696758,3.667110412696758
295,2.6645352591003757e-15,0.0,0.0,4.982574298943273,4.959846636199484
296,nan,0.0,0.0,4.12420836096292,4.12420836096292
297,3.885780586188048e-15,0.0,0.0,4.742957413285922,4.735974859443561
298,2.886579864025407e-15,0.0,0.0,4.837093848944514,4.823425958579527
299,3.164135620181696e-15,0.0,0.0,4.724864296844846,4.720989757450066
300,nan,0.0,0.0,4.454570819993619,4.454570819993619
301,nan,0.0,0.0,4.384720588413796,4.384720588413796
302,nan,0.0,0.0,4.169994930939995,4.169994930939995
303,2.220446049250313e-15,0.0,0.0,4.825068810045313,4.819646544108297
304,3.3861802251067274e-15,0.0,0.0,4.800063825443379,4.790563002538831
305,nan,0.0,0.0,4.298508220999301,4.298508220999301
306,nan,0.0,0.0,4.349021116494405,4.349021116494405
307,2.7755575615628914e-15,0.0,0.0,4.939487052060474,4.917547118787592
308,nan,0.0,0.0,4.0133996817152315,4.0133996817152315
309,nan,0.0,0.0,4.60237256940624,4.60237256940624
310,nan,0.0,0.0,4.164341409808001,4.164341409808001
311,nan,0.0,0.0,4.555281246170475,4.555281246170475
312,3.6637359812630166e-15,0.0,0.0,4.850448519275707,4.835915677861209
313,nan,0.0,0.0,3.4678412093744693,3.4678412093744693
314,nan,0.0,0.0,4.6679649396416885,4.6679649396416885
315,4.163336342344337e-15,0.0,0.0,4.871918309860385,4.854280988425101
316,nan,0.0,0.0,4.071391411557709,4.071391411557709
317,nan,0.0,0.0,4.464227781832305,4.464227781832305
318,nan,0.0,0.0,4.522235060343755,4.522235060343755
319,nan,0.0,0.0,3.859212822315328,3.859212822315328
320,nan,0.0,0.0,4.506694581203454,4.506694581203454
321,nan,0.0,0.0,4.495816297160596,4.495816297160596
322,2.886579864025407e-15,0.0,0.0,4.747326645304362,4.740914989295442
323,nan,0.0,0.0,4.330563457016716,4.330563457016716
324,2.55351295663786e-15,0.0,0.0,4.7958250647970795,4.789840103180134
325,nan,0.0,0.0,3.918414598342961,3.918414598342961
326,nan,0.0,0.0,4.608220282490896,4.608220282490896
327,2.55351295663786e-15,0.0,0.0,4.73185376782791,4.729618628764558
328,nan,0.0,0.0,4.15762735062059,4.15762735062059
329,nan,0.0,0.0,4.503585990927522,4.503585990927522
330,nan,0.0,0.0,3.6996881477816816,3.6996881477816816
331,2.275957200481571e-15,0.0,0.0,4.8182950337404975,4.81283738790171
332,nan,0.0,0.0,4.610758383192148,4.610758383192148
333,nan,0.0,0.0,4.159356078646047,4.159356078646047
334,nan,0.0,0.0,4.632506337937565,4.632506337937565
335,nan,0.0,0.0,4.507967919814725,4.507967919814725
336,2.942091015256665e-15,0.0,0.0,5.082613260292673,5.052170680907021
337,nan,0.0,0.0,4.424397608012038,4.424397608012038
338,nan,0.0,0.0,4.361346576884196,4.361346576884196
339,nan,0.0,0.0,4.488573405473053,4.488573405473053
340,nan,0.0,0.0,4.62642940675271,4.62642940675271
341,nan,0.0,0.0,4.108508156747871,4.108508156747871
342,2.7755575615628914e-15,0.0,0.0,5.043794858960685,5.015795709794537
343,nan,0.0,0.0,4.268715053094837,4.268715053094837
344,nan,0.0,0.0,4.4488669677538635,4.4488669677538635
345,2.4424906541753444e-15,0.0,0.0,4.7471304434362205,4.745972692536467
346,nan,0.0,0.0,4.240898379239382,4.240898379239382
347,nan,0.0,0.0,4.245065502436746,4.245065502436746
348,nan,0.0,0.0,3.5587416586222527,3.5587416586222527
349,nan,0.0,0.0,4.626824036890784,4.626824036890784
350,2.609024107869118e-15,0.0,0.0,4.7798560115858395,4.77472220406759
351,nan,0.0,0.0,4.597519490437999,4.597519490437999
352,nan,0.0,0.0,3.8636044081400405,3.8636044081400405
353,nan,0.0,0.0,4.131991569970546,4.131991569970546
354,3.6637359812630166e-15,0.0,0.0,4.707411858838868,4.703530170259086
355,nan,0.0,0.0,4.478485781269561,4.478485781269561
356,nan,0.0,0.0,4.395054276161067,4.395054276161067
357,nan,0.0,0.0,4.696658650189862,4.696658650189862
358,nan,0.0,0.0,3.743565232251333,3.743565232251333
359,nan,0.0,0.0,4.124719152685445,4.124719152685445
360,nan,0.0,0.0,3.993283516187383,3.993283516187383
361,nan,0.0,0.0,4.156628659421467,4.156628659421467
362,nan,0.0,0.0,4.470171336561208,4.470171336561208
363,nan,0.0,0.0,4.492660356951328,4.492660356951328
364,nan,0.0,0.0,4.318977485016466,4.318977485016466
365,nan,0.0,0.0,4.38571477897192,4.38571477897192
366,2.6645352591003757e-15,0.0,0.0,4.779384626604236,4.772899214348779
367,nan,0.0,0.0,3.8659246140488497,3.8659246140488497
368,nan,0.0,0.0,4.160745358499683,4.160745358499683
369,nan,0.0,0.0,4.320557053405196,4.320557053405196
370,nan,0.0,0.0,4.547275744934478,4.547275744934478
371,nan,0.0,0.0,3.988446727097982,3.988446727097982
372,3.6637359812630166e-15,0.0,0.0,5.284119178845366,5.212419779336582
373,nan,0.0,0.0,4.252755739723782,4.252755739723782
374,3.6637359812630166e-15,0.0,0.0,4.7932046038162195,4.782729641661331
375,nan,0.0,0.0,3.975175008373177,3.975175008373177
376,nan,0.0,0.0,4.454462268115927,4.454462268115927
377,nan,0.0,0.0,3.7615114483851215,3.7615114483851215
378,nan,0.0,0.0,4.677420502189746,4.677420502189746
379,nan,0.0,0.0,4.350494463007394,4.350494463007394
380,nan,0.0,0.0,4.4644630608967715,4.4644630608967715
381,nan,0.0,0.0,3.691521241925826,3.691521241925826
382,2.4980018054066022e-15,0.0,0.0,4.820600451344647,4.814157540423965
383,nan,0.0,0.0,4.559825375394238,4.559825375394238
384,nan,0.0,0.0,4.298551318927793,4.298551318927793
385,nan,0.0,0.0,4.521583354559177,4.521583354559177
386,2.6645352591003757e-15,0.0,0.0,4.733800498073629,4.728525660808929
387,nan,0.0,0.0,4.633299514642059,4.633299514642059
388,nan,0.0,0.0,4.074907187191744,4.074907187191744
389,nan,0.0,0.0,4.528337073241156,4.528337073241156
390,nan,0.0,0.0,4.268724003130038,4.268724003130038
391,nan,0.0,0.0,3.912737419331835,3.912737419331835
392,nan,0.0,0.0,4.283265294764553,4.283265294764553
393,3.219646771412954e-15,0.0,0.0,4.963047107877897,4.942482955585884
394,3.1086244689504383e-15,0.0,0.0,5.151634238636911,5.107963598089287
395,2.942091015256665e-15,0.0,0.0,5.050259124204869,5.024287655475006
396,nan,0.0,0.0,4.6881897664219325,4.6881897664219325
397,nan,0.0,0.0,4.645168046059149,4.645168046059149
398,nan,0.0,0.0,4.284801837459974,4.284801837459974
399,nan,0.0,0.0,4.042210938755678,4.042210938755678
400,3.0531133177191805e-15,0.0,0.0,5.109770479927336,5.076613208137647
401,nan,0.0,0.0,3.848564486796028,3.848564486796028
402,nan,0.0,0.0,3.7836845888891326,3.7836845888891326
403,nan,0.0,0.0,3.69632620010002,3.69632620010002
404,nan,0.0,0.0,3.4856630737871597,3.4856630737871597
405,nan,0.0,0.0,4.432318413158694,4.432318413158694
406,nan,0.0,0.0,4.320597375867625,4.320597375867625
407,nan,0.0,0.0,4.108786158833797,4.108786158833797
408,nan,0.0,0.0,4.554688204083295,4.554688204083295
409,nan,0.0,0.0,4.423051754763911,4.423051754763911
410,nan,0.0,0.0,4.09630212500002,4.09630212500002
411,2.886579864025407e-15,0.0,0.0,4.882086803795637,4.8690398096566065
412,nan,0.0,0.0,4.23479192551539,4.23479192551539
413,2.9976021664879227e-15,0.0,0.0,4.982910572499598,4.9605490870301105
414,nan,0.0,0.0,4.1478344911205145,4.1478344911205145
415,nan,0.0,0.0,4.572006914773253,4.572006914773253
416,nan,0.0,0.0,4.307879311319014,4.307879311319014
417,nan,0.0,0.0,4.102595915239757,4.102595915239757
418,nan,0.0,0.0,4.526575793226354,4.526575793226354
419,nan,0.0,0.0,4.11459652811822,4.11459652811822
420,nan,0.0,0.0,4.527113005895496,4.527113005895496
421,2.886579864025407e-15,0.0,0.0,5.302528979952965,5.23721571950926
422,nan,0.0,0.0,4.191113163791953,4.191113163791953
423,nan,0.0,0.0,3.705241075656299,3.705241075656299
424,nan,0.0,0.0,3.776451905103583,3.776451905103583
425,nan,0.0,0.0,4.172283658241145,4.172283658241145
426,3.941291737419306e-15,0.0,0.0,5.196969862545829,5.1412764471047945
427,nan,0.0,0.0,4.463857940489887,4.463857940489887
428,2.942091015256665e-15,0.0,0.0,4.788222666493256,4.781715516880105
429,2.4980018054066022e-15,0.0,0.0,4.973894296977701,4.956260958050406
430,nan,0.0,0.0,4.408499376450736,4.408499376450736
431,nan,0.0,0.0,3.958960066272537,3.958960066272537
432,nan,0.0,0.0,3.908959554335385,3.908959554335385
433,nan,0.0,0.0,4.5769895384539545,4.5769895384539545
434,nan,0.0,0.0,4.2357898747448015,4.2357898747448015
435,nan,0.0,0.0,4.49796313986014,4.49796313986014
436,2.9976021664879227e-15,0.0,0.0,5.119607446047401,5.079227668569827
437,nan,0.0,0.0,4.501511099556219,4.501511099556219
438,nan,0.0,0.0,4.621050892222074,4.621050892222074
439,nan,0.0,0.0,4.021095702524306,4.021095702524306
440,3.219646771412954e-15,0.0,0.0,5.245787033454508,5.1891186775618365
441,nan,0.0,0.0,4.607371320050053,4.607371320050053
442,nan,0.0,0.0,4.633057703824691,4.633057703824691
443,2.4424906541753444e-15,0.0,0.0,4.7869044868391635,4.780577606936453
444,nan,0.0,0.0,4.0473428504060465,4.0473428504060465
445,nan,0.0,0.0,3.939791271888651,3.939791271888651
446,nan,0.0,0.0,3.960333251142248,3.960333251142248
447,nan,0.0,0.0,3.8800261223284425,3.8800261223284425
448,nan,0.0,0.0,3.9187132304331462,3.9187132304331462
449,nan,0.0,0.0,4.415932193074694,4.415932193074694
450,nan,0.0,0.0,4.242232916695265,4.242232916695265
451,2.886579864025407e-15,0.0,0.0,5.054690997715534,5.026484256787231
452,2.886579864025407e-15,0.0,0.0,4.669439737080937,4.669397356490266
453,nan,0.0,0.0,4.41915609939275,4.41915609939275
454,nan,0.0,0.0,4.630288644081879,4.630288644081879
455,nan,0.0,0.0,4.0376453835053026,4.0376453835053026
456,nan,0.0,0.0,4.066698944569814,4.066698944569814
457,2.9976021664879227e-15,0.0,0.0,5.0549725949469995,5.025890562654064
458,2.9976021664879227e-15,0.0,0.0,4.758526557458329,4.754663925729567
459,nan,0.0,0.0,3.8987181271341096,3.8987181271341096
460,nan,0.0,0.0,4.580737453320936,4.580737453320936
461,nan,0.0,0.0,4.1416486508167605,4.1416486508167605
462,nan,0.0,0.0,3.98054808292871,3.98054808292871
463,nan,0.0,0.0,4.3074169304754735,4.3074169304754735
464,nan,0.0,0.0,3.9859866980551333,3.9859866980551333
465,nan,0.0,0.0,3.811091084454516,3.811091084454516
466,2.275957200481571e-15,0.0,0.0,4.722616348111755,4.722492073047726
467,2.3314683517128287e-15,0.0,0.0,4.691701000442471,4.691445841881806
468,nan,0.0,0.0,4.271133203913151,4.271133203913151
469,2.942091015256665e-15,0.0,0.0,5.233949533515683,5.181656528104757
470,nan,0.0,0.0,4.36719670475318,4.36719670475318
471,nan,0.0,0.0,4.549941653346232,4.549941653346232
472,nan,0.0,0.0,4.013952332089898,4.013952332089898
473,nan,0.0,0.0,4.092183674877641,4.092183674877641
474,nan,0.0,0.0,4.03565389861301,4.03565389861301
475,nan,0.0,0.0,4.666569814137888,4.666569814137888
476,nan,0.0,0.0,3.870141233956366,3.870141233956366
477,nan,0.0,0.0,4.457551080858912,4.457551080858912
478,nan,0.0,0.0,4.3404220402652385,4.3404220402652385
479,nan,0.0,0.0,3.7799038473536735,3.7799038473536735
480,3.885780586188048e-15,0.0,0.0,4.789681537377832,4.778745352330707
481,nan,0.0,0.0,3.9769090048812155,3.9769090048812155
482,2.220446049250313e-15,0.0,0.0,4.671343735049969,4.670918461262665
483,nan,0.0,0.0,4.007268829654422,4.007268829654422
484,nan,0.0,0.0,4.301804199235716,4.301804199235716
485,nan,0.0,0.0,4.245001852541945,4.245001852541945
486,nan,0.0,0.0,4.557701534863152,4.557701534863152
487,nan,0.0,0.0,4.537865632526305,4.537865632526305
488,nan,0.0,0.0,3.7833533101903307,3.7833533101903307
489,nan,0.0,0.0,3.9184250846349666,3.9184250846349666
490,3.608224830031759e-15,0.0,0.0,4.68659077832124,4.685074900565491
491,nan,0.0,0.0,3.9618425173534675,3.9618425173534675
492,nan,0.0,0.0,4.160084220585523,4.160084220585523
493,3.497202527569243e-15,0.0,0.0,4.820962568193553,4.810670013433003
494,2.9976021664879227e-15,0.0,0.0,4.983654570319618,4.959055668358799
495,nan,0.0,0.0,3.5450188507586833,3.5450188507586833
496,nan,0.0,0.0,3.562947460337254,3.562947460337254
497,3.1086244689504383e-15,0.0,0.0,4.879574125358882,4.864152409875516
498,nan,0.0,0.0,3.6621112997844603,3.6621112997844603
499,nan,0.0,0.0,4.098412713494388,4.098412713494388
