timestamp,R,theta_net_deg
5.005005005005005,2.1094237467877974e-15,10.704152184306416
5.105105105105105,2.4424906541753444e-15,10.7025884386318
5.205205205205205,2.3314683517128287e-15,10.700963902865663
5.305305305305305,2.3314683517128287e-15,10.699278638258066
5.405405405405406,2.4424906541753444e-15,10.69753270832941
5.505505505505506,2.4424906541753444e-15,10.695726178835672
5.605605605605606,2.7755575615628914e-15,10.693859117781043
5.705705705705706,2.6645352591003757e-15,10.691931595415875
5.805805805805806,2.7755575615628914e-15,10.689943684236427
5.9059059059059065,2.6645352591003757e-15,10.68789545895656
6.006006006006007,3.1086244689504383e-15,10.685786996507568
6.106106106106107,2.9976021664879227e-15,10.68361837602985
6.206206206206207,3.3306690738754696e-15,10.681389678887461
6.306306306306307,3.4416913763379853e-15,10.679100988639908
6.406406406406407,3.6637359812630166e-15,10.676752391015356
6.506506506506507,3.6637359812630166e-15,10.674343973979266
6.606606606606607,3.9968028886505635e-15,10.671875827604422
6.706706706706707,3.9968028886505635e-15,10.66934804418806
6.806806806806807,4.218847493575595e-15,10.666760718157201
6.906906906906907,4.218847493575595e-15,10.664113946089559
7.007007007007007,4.773959005888173e-15,10.661407826728347
7.107107107107107,4.884981308350689e-15,10.658642460943058
7.207207207207207,5.218048215738236e-15,10.655817951681826
7.307307307307307,5.88418203051333e-15,10.652934404090557
7.407407407407407,5.995204332975845e-15,10.64999192534273
7.507507507507508,6.217248937900877e-15,10.646990624757356
7.607607607607608,6.661338147750939e-15,10.643930613740714
7.7077077077077085,7.216449660063518e-15,10.640812005745358
7.807807807807809,7.327471962526033e-15,10.63763491632208
7.907907907907909,7.771561172376096e-15,10.634399463059847
8.008008008008009,8.104628079763643e-15,10.631105765602415
8.108108108108109,8.770761894538737e-15,10.627753945609074
8.208208208208209,8.881784197001252e-15,10.624344126779093
8.308308308308309,9.769962616701378e-15,10.62087643484092
8.408408408408409,1.021405182655144e-14,10.617350997485232
8.508508508508509,1.0880185641326534e-14,10.613767944439042
8.608608608608609,1.1213252548714081e-14,10.610127407370536
8.70870870870871,1.199040866595169e-14,10.606429519929055
8.80880880880881,1.2656542480726785e-14,10.602674417767668
8.90890890890891,1.3322676295501878e-14,10.59886223841071
9.00900900900901,1.4099832412739488e-14,10.594993121352779
9.10910910910911,1.4876988529977098e-14,10.591067208001814
9.20920920920921,1.587618925213974e-14,10.587084641682122
9.30930930930931,1.6653345369377348e-14,10.583045567625442
9.40940940940941,1.7319479184152442e-14,10.57895013287889
9.50950950950951,1.8318679906315083e-14,10.574798486460914
9.60960960960961,1.9539925233402755e-14,10.570590779151463
9.70970970970971,2.042810365310288e-14,10.566327163677098
9.80980980980981,2.1316282072803006e-14,10.562007794493736
9.90990990990991,2.2426505097428162e-14,10.557632827916505
10.01001001001001,2.353672812205332e-14,10.553202422089397
10.11011011011011,2.4980018054066022e-14,10.548716736922344
10.21021021021021,2.631228568361621e-14,10.54417593412293
10.31031031031031,2.7422508708241367e-14,10.539580177139792
10.41041041041041,2.864375403532904e-14,10.534929631174725
10.51051051051051,3.008704396734174e-14,10.530224463173868
10.61061061061061,3.141931159689193e-14,10.525464841792312
10.710710710710712,3.3084646133829665e-14,10.520650937419541
10.810810810810812,3.452793606584237e-14,10.515782922117001
10.910910910910912,3.608224830031759e-14,10.510860969636031
11.011011011011012,3.785860513971784e-14,10.5058852553623
11.111111111111112,3.9745984281580604e-14,10.500855956369726
11.211211211211213,4.1300296516055823e-14,10.495773251343081
11.311311311311313,4.340972026284362e-14,10.490637320598008
11.411411411411413,4.5075054799781356e-14,10.485448346059005
11.511511511511513,4.7406523151494184e-14,10.480206511216966
11.611611611611613,4.929390229335695e-14,10.474912001155662
11.711711711711713,5.1736392947532295e-14,10.46956500250979
11.811811811811811,5.395683899678261e-14,10.464165703478091
11.911911911911911,5.617728504603292e-14,10.458714293759245
12.012012012012011,5.839773109528323e-14,10.453210964586825
12.112112112112111,6.117328865684613e-14,10.447655908665922
12.212212212212211,6.350475700855895e-14,10.442049320220502
12.312312312312311,6.605826996519681e-14,10.436391394902659
12.412412412412412,6.894484982922222e-14,10.430682329841321
12.512512512512512,7.16093850883226e-14,10.42492232359204
12.612612612612612,7.460698725481052e-14,10.419111576102663
12.712712712712714,7.760458942129844e-14,10.41325028875282
12.812812812812814,8.08242361927114e-14,10.407338664307083
12.912912912912914,8.382183835919932e-14,10.40137690688444
13.013013013013014,8.72635297355373e-14,10.395365221965774
13.113113113113114,9.070522111187529e-14,10.389303816372077
13.213213213213214,9.392486788328824e-14,10.383192898229273
13.313313313313314,9.792167077193881e-14,10.37703267697503
13.413413413413414,1.0125233984581428e-13,10.370823363357793
13.513513513513514,1.0502709812953981e-13,10.364565169366525
13.613613613613614,1.092459456231154e-13,10.358258308257808
13.713713713713714,1.1302070390684094e-13,10.351902994514106
13.813813813813814,1.1746159600534156e-13,10.345499443836637
13.913913913913914,1.2168044349891716e-13,10.339047873164102
14.014014014014014,1.2589929099249275e-13,10.332548500568318
14.114114114114114,1.305622276959184e-13,10.326001545345447
14.214214214214214,1.3511414209688155e-13,10.319407227915777
14.314314314314316,1.3988810110276972e-13,10.312765769838096
14.414414414414416,1.4510614931850796e-13,10.306077393814954
14.514514514514516,1.503241975342462e-13,10.299342323610226
14.614614614614617,1.553202011450594e-13,10.292560784108362
14.714714714714717,1.6076029396572267e-13,10.285733001218489
14.814814814814817,1.6631140908884845e-13,10.278859201976555
14.914914914914917,1.7186252421197423e-13,10.271939614391528
15.015015015015017,1.7763568394002505e-13,10.264974467528202
15.115115115115117,1.8340884366807586e-13,10.257963991407925
15.215215215215215,1.8973711490843925e-13,10.25090841707127
15.315315315315315,1.9606538614880265e-13,10.243807976506039
15.415415415415415,2.0228263508670352e-13,10.236662902675782
15.515515515515515,2.0905499553691698e-13,10.229473429453575
15.615615615615615,2.1571633368466792e-13,10.22223979164276
15.715715715715715,2.2282176104226892e-13,10.21496222493462
15.815815815815816,2.2959412149248237e-13,10.207640965883476
15.915915915915916,2.370326157574709e-13,10.200276251943208
16.016016016016017,2.4447111002245947e-13,10.192868321393954
16.116116116116117,2.5202062658991053e-13,10.18541741336867
16.216216216216218,2.5979218776228663e-13,10.177923767782122
16.316316316316318,2.6789681584205027e-13,10.17038762535617
16.416416416416418,2.7622348852673895e-13,10.16280922759114
16.516516516516518,2.8466118351389014e-13,10.155188816756336
16.616616616616618,2.9332092310596636e-13,10.147526635859622
16.716716716716718,3.022027073029676e-13,10.139822928661365
16.816816816816818,3.113065361048939e-13,10.132077939562764
16.916916916916918,3.206324095117452e-13,10.124291913735929
17.017017017017018,3.299582829185965e-13,10.11646509699043
17.117117117117118,3.3995029014022293e-13,10.10859773579377
17.217217217217218,3.497202527569243e-13,10.100690077284392
17.31731731731732,3.597122599785507e-13,10.09274236921026
17.41741741741742,3.701483564100272e-13,10.084754859913277
17.51751751751752,3.810285420513537e-13,10.076727798348545
17.61761761761762,3.9168668308775523e-13,10.068661434023364
17.71771771771772,4.030109579389318e-13,10.06055601704631
17.81781781781782,4.1466829969749597e-13,10.052411798030477
17.91791791791792,4.2588155224621005e-13,10.044229028096739
18.01801801801802,4.3787196091216174e-13,10.036007958930137
18.11811811811812,4.4997339188057595e-13,10.027748842682309
18.21821821821822,4.622968674539152e-13,10.0194519320047
18.31831831831832,4.75397499144492e-13,10.011117479936072
18.41841841841842,4.880540416252188e-13,10.002745740031248
18.51851851851852,5.013767179207207e-13,9.994336966225344
18.61861861861862,5.149214388211476e-13,9.98589141291145
18.71871871871872,5.289102489314246e-13,9.977409334841632
18.81881881881882,5.431211036466266e-13,9.968890987145846
18.91891891891892,5.574429806642911e-13,9.960336625335232
19.01901901901902,5.722089468918057e-13,9.95174650525329
19.11911911911912,5.873079800267078e-13,9.943120883065532
19.21921921921922,6.02629057766535e-13,9.934460015263875
19.31931931931932,6.183942247162122e-13,9.925764158630107
19.41941941941942,6.343814362708144e-13,9.91703357024829
19.51951951951952,6.508127370352668e-13,9.90826850744882
19.61961961961962,6.674660824046441e-13,9.899469227816708
19.71971971971972,6.84674539286334e-13,9.890635989189393
19.81981981981982,7.01882996168024e-13,9.881769049561417
19.91991991991992,7.19535542259564e-13,9.872868667213261
20.02002002002002,7.377431998634165e-13,9.863935100565431
20.12012012012012,7.563949466771192e-13,9.854968608240098
20.22022022022022,7.753797603982093e-13,9.845969448973271
20.32032032032032,7.94475596421762e-13,9.836937881700052
20.42042042042042,8.139044993527023e-13,9.827874165421225
20.52052052052052,8.339995360984176e-13,9.818778559294266
20.62062062062062,8.54538662053983e-13,9.809651322576446
20.72072072072072,8.751888103120109e-13,9.800492714580809
20.82082082082082,8.961720254774264e-13,9.791302994698475
20.92092092092092,9.179323967600794e-13,9.782082422380721
21.02102102102102,9.40247879555045e-13,9.772831257129402
21.12112112112112,9.626743846524732e-13,9.763549758431635
21.22122122122122,9.85433956657289e-13,9.75423818580555
21.32132132132132,1.0090817070818048e-12,9.744896798785978
21.421421421421424,1.0325074129013956e-12,9.735525856864612
21.521521521521525,1.056932319443149e-12,9.726125619498443
21.621621621621625,1.0818013151947525e-12,9.716696346108737
21.721721721721725,1.1067813332488186e-12,9.70723829603782
21.821821821821825,1.1326495297225847e-12,9.697751728591347
21.921921921921925,1.1587397708012759e-12,9.688236902951608
22.022022022022025,1.1851630787873546e-12,9.678694078203229
22.122122122122125,1.212363542890671e-12,9.669123513327843
22.222222222222225,1.2402301408087624e-12,9.659525467165714
22.322322322322325,1.2680967387268538e-12,9.649900198420475
22.422422422422425,1.2968515150646454e-12,9.640247965621116
22.522522522522525,1.326050380612287e-12,9.630569027168248
22.622622622622625,1.3558043576722412e-12,9.62086364124644
22.722722722722725,1.386113446244508e-12,9.611132065848352
22.822822822822825,1.4169776463290873e-12,9.601374558764716
22.922922922922925,1.4482859356235167e-12,9.591591377580876
23.023023023023026,1.4802603587327212e-12,9.581782779632423
23.12312312312313,1.5127898933542383e-12,9.571949021994
23.223223223223226,1.546096584092993e-12,9.562090361484158
23.32332332332333,1.5797363417391352e-12,9.552207054694303
23.423423423423426,1.6140422332000526e-12,9.542299357880998
23.52352352352353,1.649014258475745e-12,9.532367527036806
23.623623623623622,1.6844303729612875e-12,9.522411817813598
23.72372372372373,1.720512621261605e-12,9.512432485595825
23.823823823823822,1.7572610033766978e-12,9.502429785381068
23.92392392392393,1.794786541609028e-12,9.492403971856307
24.024024024024023,1.8329782136561334e-12,9.48235529934525
24.12412412412413,1.871613974913089e-12,9.472284021823688
24.224224224224223,1.911026892287282e-12,9.462190392836769
24.324324324324326,1.9512169657787126e-12,9.452074665596452
24.424424424424423,1.9920731730849184e-12,9.441937092900538
24.524524524524526,2.0332624472985117e-12,9.43177792712039
24.624624624624627,2.075783989141655e-12,9.421597420212224
24.724724724724727,2.1187496201946487e-12,9.41139582369844
24.824824824824827,2.1623813850624174e-12,9.401173388684622
24.924924924924927,2.2067903060474237e-12,9.390930365796528
25.025025025025027,2.25208740545213e-12,9.380667005178353
25.125125125125127,2.297717571764224e-12,9.370383556514406
25.225225225225227,2.3445689834034056e-12,9.360080269039184
25.325325325325327,2.3918644842524373e-12,9.3497573914222
25.425425425425427,2.440492252731019e-12,9.339415171904847
25.525525525525527,2.489342065814526e-12,9.32905385814411
25.625625625625627,2.539302101922658e-12,9.318673697320012
25.725725725725727,2.5900392941480277e-12,9.308274936048154
25.825825825825827,2.641553642490635e-12,9.29785782042991
25.925925925925927,2.693623102345555e-12,9.287422595985609
26.026026026026027,2.7471358521324873e-12,9.276969507669655
26.126126126126128,2.8012037134317325e-12,9.26649879987951
26.226226226226228,2.8562707754531402e-12,9.256010716444
26.326326326326328,2.9123370381967106e-12,9.245505500544228
26.426426426426428,2.9691804570575187e-12,9.23498339482538
26.526526526526528,3.0269120543380268e-12,9.224444641304041
26.626626626626628,3.085531830038235e-12,9.213889481383122
26.726726726726728,3.145150806460606e-12,9.20331815580623
26.826826826826828,3.206102050512527e-12,9.192730904722465
26.926926926926928,3.2673863614718357e-12,9.182127967623007
27.027027027027028,3.3302249846656196e-12,9.171509583356091
27.127127127127128,3.393396674766791e-12,9.160875990105863
27.227227227227228,3.4579006324975126e-12,9.15022742536734
27.32732732732733,3.5234037909503968e-12,9.139564126002861
27.42742742742743,3.5902392170328312e-12,9.128886328184084
27.52752752752753,3.657629754627578e-12,9.11819426736454
27.62762762762763,3.7263525598518754e-12,9.107488178329799
27.72772772772773,3.796518655008185e-12,9.096768295152938
27.82782782782783,3.867128839374345e-12,9.086034851169057
27.92792792792793,3.939182313672518e-12,9.075288079037643
28.02802802802803,4.012012944087928e-12,9.064528210638853
28.12812812812813,4.086508909040276e-12,9.053755477175942
28.22822822822823,4.162004074714787e-12,9.042970109078865
28.32832832832833,4.238387418808998e-12,9.03217233603397
28.42842842842843,4.3161030305327586e-12,9.021362387001526
28.52852852852853,4.395372954490995e-12,9.010540490121558
28.62862862862863,4.4754200345664685e-12,8.999706872836857
28.72872872872873,4.5565773376665675e-12,8.988861761761918
28.82882882882883,4.639177930698679e-12,8.978005382767535
28.92892892892893,4.7232218136628035e-12,8.967137960908891
29.02902902902903,4.808153875046628e-12,8.956259720487154
29.12912912912913,4.89475127096739e-12,8.945370884984191
29.22922922922923,4.9822368453078525e-12,8.934471677089693
29.32932932932933,5.07127673188279e-12,8.92356231866938
29.42942942942943,5.161648886087278e-12,8.912643030769908
29.52952952952953,5.253242285618853e-12,8.901714033649492
29.62962962962963,5.346834086594754e-12,8.890775546749078
29.72972972972973,5.440980999082967e-12,8.87982778861759
29.82982982982983,5.536682223805656e-12,8.868870977023922
29.929929929929934,5.6343818499726694e-12,8.857905328855573
30.030030030030037,5.732747609954458e-12,8.846931060213526
30.130130130130134,5.833222793683035e-12,8.835948386310795
30.230230230230237,5.934808200436237e-12,8.824957521503544
30.330330330330334,6.037836897121451e-12,8.813958679309492
30.430430430430437,6.1425309283436036e-12,8.802952072351115
30.53053053053053,6.2488902941026936e-12,8.79193791243017
30.630630630630638,6.356581927491334e-12,8.780916410420867
30.73073073073073,6.465938895416912e-12,8.76988777637986
30.830830830830838,6.576739153274502e-12,8.758852219442568
30.93093093093093,6.689093723366568e-12,8.74780994784509
31.031031031031038,6.803335672600497e-12,8.73676116899702
31.13113113113113,6.919242956371363e-12,8.725706089356562
31.231231231231234,7.036704552376705e-12,8.714644914522497
31.33133133133133,7.1557204606165214e-12,8.703577849210935
31.431431431431434,7.276734770300664e-12,8.692505097185673
31.53153153153153,7.399414414521743e-12,8.681426861310147
31.631631631631635,7.523426326372373e-12,8.670343343562378
31.73173173173173,7.649547661969791e-12,8.659254745020146
31.831831831831835,7.777556376709072e-12,8.648161265824054
31.93193193193193,7.907119403682827e-12,8.637063105181479
32.032032032032035,8.038902876705833e-12,8.625960461410088
32.132132132132135,8.171685550451002e-12,8.61485353190321
32.232232232232235,8.307354804060196e-12,8.603742513103699
32.332332332332335,8.444467347601403e-12,8.592627600502013
32.432432432432435,8.583467270284473e-12,8.581508988750182
32.532532532532535,8.724465594411868e-12,8.570386871457535
32.632632632632635,8.867462319983588e-12,8.559261441377776
32.732732732732735,9.012235402394708e-12,8.54813289026337
32.832832832832835,9.159228930855079e-12,8.537001408990188
32.932932932932935,9.308220860759775e-12,8.525867187414724
33.03303303303304,9.459544259016184e-12,8.514730414514268
33.133133133133136,9.61253299180953e-12,8.503591278305583
33.23323323323324,9.767742170652127e-12,8.49244996581889
33.333333333333336,9.925060773241512e-12,8.481306663181407
33.43343343343344,1.0084599821880147e-11,8.470161555516086
33.533533533533536,1.0246470338870495e-11,8.459014827062775
33.63363363363364,1.0410339257305168e-11,8.44786666103787
33.733733733733736,1.0576428621789091e-11,8.436717239729973
33.83383383383384,1.0744849454624728e-11,8.425566744485234
33.933933933933936,1.0915601755812077e-11,8.414415355667407
34.03403403403404,1.1088463480746213e-11,8.403263252686807
34.134134134134136,1.1263878718636988e-11,8.392110613966546
34.23423423423424,1.1441625424879476e-11,8.38095761701585
34.334334334334336,1.1621592577171214e-11,8.36980443835403
34.43443443443444,1.1804002220117127e-11,8.358651253556486
34.53453453453454,1.198907639832214e-11,8.347498237177842
34.63463463463464,1.2176815111786254e-11,8.336345562851903
34.73473473473474,1.2366330182089769e-11,8.325193403246546
34.83483483483484,1.2559064899164696e-11,8.314041930072271
34.93493493493494,1.2754020062288873e-11,8.302891314033857
35.03503503503504,1.2951528738369689e-11,8.291741724890159
35.13513513513514,1.3151590927407142e-11,8.280593331427662
35.23523523523524,1.3354428674006158e-11,8.269446301462018
35.33533533533534,1.3559930955864274e-11,8.258300801850703
35.43543543543544,1.3768097772981491e-11,8.247156998485913
35.53553553553554,1.3979151169962734e-11,8.236015056277642
35.63563563563564,1.4192758079900614e-11,8.224875139164977
35.73573573573574,1.4409473614307444e-11,8.213737410129212
35.83583583583584,1.4628742661670913e-11,8.202602031164911
35.93593593593594,1.485067624429348e-11,8.191469163346866
36.03603603603604,1.507616254059485e-11,8.180338966717974
36.13613613613614,1.530386928294547e-11,8.169211600391932
36.23623623623624,1.553468464976504e-11,8.158087222509188
36.33633633633634,1.5768830685658486e-11,8.146965990225262
36.43643643643644,1.6005641256811032e-11,8.135848059757274
36.53653653653654,1.6245449430130066e-11,8.124733586350688
36.63663663663664,1.6488699294825437e-11,8.11362272426414
36.73673673673674,1.6734946761687297e-11,8.102515626824312
36.83683683683684,1.6984191830715645e-11,8.091412446363691
36.93693693693694,1.7236545524212943e-11,8.0803133342692
37.03703703703704,1.7492118864481654e-11,8.069218440963928
37.13713713713714,1.7751244918429165e-11,8.058127915912067
37.23723723723724,1.8013368574543165e-11,8.04704190761551
37.33733733733734,1.8278711877428577e-11,8.035960563637111
37.43743743743744,1.8547829938597715e-11,8.02488403053228
37.53753753753754,1.8820056624235804e-11,8.013812453952422
37.63763763763764,1.909572500125023e-11,8.002745978553406
37.73773773773774,1.937505711424592e-11,7.991684748083998
37.83783783783784,1.9657608874013022e-11,7.980628905280668
37.93793793793794,1.9943824369761387e-11,7.969578591995116
38.03803803803804,2.023392564609594e-11,7.958533949097168
38.13813813813814,2.0527135546899444e-11,7.947495116466424
38.23823823823824,2.082445327289406e-11,7.936462233130349
38.33833833833834,2.112487962335763e-11,7.925435437102146
38.43843843843844,2.142941379901231e-11,7.914414865465013
38.53853853853854,2.1737611710648252e-11,7.903400654353352
38.63863863863864,2.2049806425172847e-11,7.892392939004245
38.73873873873874,2.2365331808771316e-11,7.881391853662537
38.83883883883884,2.268507603986336e-11,7.870397531669382
38.93893893893894,2.3008706051541594e-11,7.8594101054234375
39.03903903903904,2.3336554910713403e-11,7.848429706405105
39.13913913913914,2.3668067505866475e-11,7.837456465144936
39.23923923923924,2.400368792621066e-11,7.826490511269122
39.33933933933934,2.434352719404842e-11,7.815531973418793
39.43943943943944,2.4687585309379756e-11,7.8045809793823
39.53953953953954,2.5035751249902205e-11,7.793637656003032
39.63963963963964,2.5387802971010842e-11,7.782702129178845
39.73973973973974,2.5744517628822905e-11,7.771774523944865
39.83983983983984,2.610534011182608e-11,7.760854964355798
39.93993993993994,2.647027042002037e-11,7.749943573604847
40.04004004004004,2.684008570952301e-11,7.739040473946417
40.14014014014014,2.7214008824216762e-11,7.7281457867510746
40.24024024024024,2.7592483853311478e-11,7.717259632460768
40.34034034034034,2.7975399774504695e-11,7.706382130619011
40.44044044044044,2.8363311699308724e-11,7.695513399874026
40.54054054054054,2.875544247160633e-11,7.68465355797829
40.64064064064064,2.915234720290982e-11,7.673802721790556
40.74074074074074,2.955369282631182e-11,7.6629610072525685
40.84084084084084,2.995992343102216e-11,7.652128529451553
40.94094094094094,3.0371372083948245e-11,7.641305402561629
41.04104104104104,3.078726162897283e-11,7.630491739880119
41.14114114114114,3.1208147177608225e-11,7.619687653838713
41.24124124124124,3.163380668524951e-11,7.608893255961218
41.34134134134134,3.206446219650161e-11,7.598108656909089
41.44144144144144,3.2500335755969445e-11,7.587333966457742
41.54154154154154,3.294142736365302e-11,7.576569293544301
41.64164164164164,3.3386959863435095e-11,7.565814746223756
41.74174174174174,3.383859858985261e-11,7.555070431650062
41.84184184184184,3.429501127527601e-11,7.54433645615551
41.94194194194194,3.475697507582254e-11,7.5336129251955875
42.04204204204204,3.522393487997988e-11,7.522899943389971
42.14214214214214,3.569622375465542e-11,7.512197614466754
42.24224224224224,3.617417476675655e-11,7.501506041339431
42.34234234234234,3.665778791628327e-11,7.490825326064563
42.44244244244244,3.714650809172326e-11,7.480155569852531
42.54254254254254,3.764111244919377e-11,7.469496873066474
42.64264264264264,3.814148996639233e-11,7.458849335259153
42.74274274274275,3.864764064331894e-11,7.448213055083237
42.84284284284285,3.915934243536867e-11,7.437588130452855
42.94294294294295,3.967648432023907e-11,7.426974658377135
43.04304304304305,4.020006549865229e-11,7.4163727350836535
43.14314314314315,4.072908676988618e-11,7.405782455946737
43.24324324324325,4.126476937926782e-11,7.395203915546152
43.34334334334335,4.180622514837751e-11,7.3846372076239755
43.44344344344345,4.235367612182017e-11,7.37408242513981
43.54354354354355,4.2907233321898275e-11,7.3635396602426875
43.64364364364365,4.346711879321674e-11,7.35300900421496
43.74374374374375,4.4033110491170646e-11,7.342490547632879
43.84384384384385,4.46057635272723e-11,7.33198438020126
43.94394394394395,4.518463381231186e-11,7.321490590864689
44.04404404404405,4.576983236859178e-11,7.311009267741712
44.14414414414415,4.636169226301945e-11,7.300540498195149
44.24424424424425,4.695976940638502e-11,7.290084368779343
44.34434434434435,4.756484095480573e-11,7.279640965348098
44.44444444444445,4.817635179676927e-11,7.269210372841644
44.54454454454455,4.879507908839287e-11,7.258792675515939
44.64464464464465,4.942002362895437e-11,7.248387956828188
44.74474474474475,5.005207359687347e-11,7.237996299460246
44.84484484484485,5.069122899215017e-11,7.227617785360615
44.94494494494495,5.133715674787709e-11,7.217252495696651
45.04504504504505,5.1990189930961606e-11,7.206900510869128
45.14514514514515,5.26501064967988e-11,7.196561910546804
45.24524524524525,5.331746155690098e-11,7.186236773634508
45.34534534534535,5.399214408896569e-11,7.175925178303373
45.44544544544545,5.467415409299292e-11,7.165627201947857
45.54554554554555,5.5363269524377756e-11,7.1553429212647215
45.64564564564565,5.606026753923743e-11,7.145072412202038
45.74574574574575,5.6764370981454704e-11,7.134815749954183
45.84584584584585,5.747602394023943e-11,7.124573009005333
45.94594594594595,5.819533743789407e-11,7.114344263104031
46.04604604604605,5.892264454132601e-11,7.10412958530635
46.14614614614615,5.965739013902294e-11,7.093929047917435
46.24624624624625,6.040046240940455e-11,7.083742722548912
46.34634634634635,6.115130624095855e-11,7.073570680078024
46.44644644644645,6.190981061138245e-11,7.063412990705765
46.54654654654655,6.267653063218859e-11,7.053269723909635
46.64664664664665,6.345157732567941e-11,7.043140948453584
46.74674674674675,6.423439558034261e-11,7.033026732427099
46.84684684684685,6.502565152999296e-11,7.022927143247864
46.94694694694695,6.582534517463046e-11,7.012842247624123
47.04704704704705,6.663336549195265e-11,7.00277211154858
47.14714714714715,6.744971248195952e-11,6.992716800375109
47.24724724724725,6.827471921155848e-11,6.982676378759696
47.34734734734735,6.910838568074951e-11,6.972650910708861
47.44744744744745,6.995071188953261e-11,6.962640459508027
47.54754754754755,7.080180886021026e-11,6.952645087830575
47.64764764764765,7.166167659278244e-11,6.942664857640056
47.74774774774775,7.253064815415655e-11,6.932699830284511
47.84784784784785,7.340861252203013e-11,6.922750066412531
47.94794794794795,7.429534765179824e-11,6.912815626066272
48.04804804804805,7.519163069957813e-11,6.902896568595882
48.14814814814815,7.609657348695009e-11,6.892992952743776
48.24824824824825,7.701128623693876e-11,6.883104836602714
48.34834834834835,7.793510281572935e-11,6.873232277624877
48.44844844844845,7.886846731253172e-11,6.86337533256454
48.54854854854855,7.98112687050434e-11,6.853534057656926
48.64864864864865,8.07635069932644e-11,6.843708508490844
48.74874874874875,8.172607035561441e-11,6.8338987399400075
48.84884884884885,8.269773754676635e-11,6.824104806350084
48.94894894894895,8.367950776744237e-11,6.8143267614152565
49.04904904904905,8.467082590613018e-11,6.8045646582473225
49.14914914914915,8.567280218585438e-11,6.794818549326681
49.24924924924925,8.66842153612879e-11,6.785088486519575
49.34934934934935,8.770617565545535e-11,6.775374521072226
49.44944944944945,8.873835000144936e-11,6.765676703699392
49.54954954954955,8.978062737696746e-11,6.755995084485849
49.64964964964965,9.083334084891703e-11,6.746329712932343
49.74974974974975,9.189649041729808e-11,6.73668063795151
49.84984984984985,9.297018710441307e-11,6.72704790786225
49.94994994994995,9.405465295486692e-11,6.717431570427296
50.05005005005005,9.51499989909621e-11,6.70783167281413
50.15015015015016,9.625578112348876e-11,6.69824826161461
50.250250250250254,9.737233241935428e-11,6.688681382880691
50.350350350350354,9.850031901237344e-11,6.679131082075956
50.45045045045045,9.963929681333639e-11,6.669597404126269
50.55055055055056,1.007890437776382e-10,6.660080393369897
50.650650650650654,1.0195033706139611e-10,6.650580093596066
50.750750750750754,1.0312317666461013e-10,6.641096548084948
50.85085085085085,1.0430689645346547e-10,6.631629799533872
50.95095095095096,1.0550238460638184e-10,6.62217989011154
51.051051051051054,1.0670953010105677e-10,6.612746861418317
51.151151151151154,1.0792811089288534e-10,6.603330754555118
51.25125125125125,1.0915868209337987e-10,6.593931610080729
51.35135135135136,1.1040091063563295e-10,6.5845494679998
51.451451451451454,1.1165490754194707e-10,6.575184367854589
51.55155155155156,1.1292111690153206e-10,6.565836348580217
51.651651651651655,1.14199316669783e-10,6.556505448645725
51.75175175175176,1.1548995093590975e-10,6.547191706042381
51.851851851851855,1.1679257561070244e-10,6.537895158164159
51.95195195195196,1.181077458056734e-10,6.528615841959121
52.052052052052055,1.1943512845391524e-10,6.519353793858362
52.15215215215216,1.2077538968924273e-10,6.510109049760829
52.252252252252255,1.2212819644474848e-10,6.500881645129109
52.35235235235236,1.2349365974273496e-10,6.491671614874144
52.452452452452455,1.2487189060550463e-10,6.482478993425531
52.55255255255256,1.2626333312226734e-10,6.4733038147659325
52.652652652652655,1.2766754320381324e-10,6.464146112378246
52.75275275275276,1.2908485391704971e-10,6.455005919253341
52.852852852852855,1.305151542396743e-10,6.445883267920307
52.95295295295296,1.3195922132780424e-10,6.436778190407835
53.053053053053056,1.3341661109222969e-10,6.427690718284731
53.15315315315316,1.348871014883457e-10,6.41862088266647
53.253253253253256,1.3637146967226954e-10,6.409568714205212
53.35335335335336,1.3786927155479134e-10,6.400534243076328
53.453453453453456,1.3938117326972588e-10,6.391517499070733
53.55355355355356,1.4090639766095592e-10,6.382518511411243
53.653653653653656,1.4244605495150608e-10,6.373537308915278
53.75375375375376,1.4399936798525914e-10,6.364573920012498
53.853853853853856,1.455668918737274e-10,6.35562837263249
53.95395395395396,1.4714873763921332e-10,6.346700694275827
54.054054054054056,1.487449052817169e-10,6.337790911976911
54.15415415415416,1.5035550582354062e-10,6.328899052405918
54.254254254254256,1.5198053926468447e-10,6.320025141758172
54.35435435435436,1.5362044969435829e-10,6.311169205797427
54.454454454454456,1.552749040456547e-10,6.302331269901165
54.55455455455456,1.5694434640778354e-10,6.293511358959578
54.65465465465466,1.5862811064693005e-10,6.2847094975387625
54.75475475475476,1.6032730698611886e-10,6.275925709722257
54.85485485485486,1.6204171338074502e-10,6.267160019191438
54.95495495495496,1.6377099676390117e-10,6.258412449232741
55.05505505505506,1.6551582326940206e-10,6.249683022733275
55.15515515515516,1.6727574880803786e-10,6.240971762178767
55.25525525525526,1.6905166155822826e-10,6.232278689649858
55.35535535535536,1.708425623192511e-10,6.223603826828939
55.45545545545546,1.72649561314131e-10,6.214947195011044
55.55555555555556,1.7447221445365813e-10,6.206308815108978
55.65565565565566,1.7631074378243738e-10,6.197688707664858
55.75575575575576,1.7816514930046878e-10,6.189086892797667
55.85585585585586,1.8003598611926463e-10,6.180503390271213
55.95595595595596,1.819228101496151e-10,6.17193821947996
56.05605605605606,1.8382595445842753e-10,6.1633913994326255
56.15615615615616,1.8574508597879458e-10,6.15486294874846
56.25625625625626,1.876812039114384e-10,6.146352885706182
56.35635635635636,1.8963375314484665e-10,6.137861228269354
56.45645645645646,1.916029557236243e-10,6.129387993935625
56.55655655655656,1.9358903369237623e-10,6.1209331999312475
56.65665665665666,1.9559187602880002e-10,6.112496863076233
56.75675675675676,1.9761181579980303e-10,6.1040789998488885
56.85685685685686,1.9964863096078034e-10,6.09567962637219
56.95695695695696,2.0170265457863934e-10,6.087298758455882
57.05705705705706,2.037739976756825e-10,6.078936411539353
57.15715715715716,2.058629933188172e-10,6.070592600752057
57.25725725725726,2.0796930844113604e-10,6.062267340812492
57.35735735735736,2.100930540649415e-10,6.053960646185861
57.45745745745746,2.1223456325714096e-10,6.04567253099069
57.55755755755756,2.1439383601773443e-10,6.037403008965563
57.65765765765766,2.1657131643593175e-10,6.029152093561641
57.75775775775776,2.1876622735561568e-10,6.020919797912423
57.85785785785786,2.2097945695520593e-10,6.012706134812469
57.95795795795796,2.2321089421240004e-10,6.004511116733141
58.05805805805806,2.25460539127198e-10,5.9963347558730336
58.15815815815816,2.2772850272190226e-10,5.988177064080939
58.25825825825826,2.300152290857227e-10,5.980038052853826
58.35835835835836,2.323203851517519e-10,5.971917733505274
58.45845845845846,2.346443039868973e-10,5.963816116915152
58.55855855855856,2.369867635465539e-10,5.9557332137290855
58.65865865865866,2.3934842996453654e-10,5.947669034302577
58.75875875875876,2.4172885915163533e-10,5.93962358865082
58.85885885885886,2.441283841747577e-10,5.931596886520818
58.95895895895896,2.465472270785085e-10,5.923588937374726
59.05905905905906,2.489851658182829e-10,5.915599750389831
59.15915915915916,2.514423114163833e-10,5.907629334418565
59.25925925925926,2.5391944102892694e-10,5.89967769807204
59.35935935935936,2.5641588852209907e-10,5.8917448496807685
59.45945945945946,2.589320979851095e-10,5.883830797244904
59.55955955955956,2.614678473733534e-10,5.875935548577204
59.65965965965966,2.6402335873143556e-10,5.8680591111325064
59.75975975975976,2.6659907614856593e-10,5.860201492149173
59.85985985985987,2.6919511064704693e-10,5.852362698575132
59.95995995995997,2.718107960930638e-10,5.8445427370901495
60.06006006006007,2.7444702066503623e-10,5.836741614130551
60.16016016016017,2.7710345129605685e-10,5.8289593358593565
60.26026026026027,2.7978064309763795e-10,5.821195908179275
60.36036036036037,2.824778189136623e-10,5.813451336754104
60.46046046046047,2.8519608896715454e-10,5.805725626970269
60.56056056056057,2.879350091689048e-10,5.798018783997929
60.66066066066067,2.9069469054121555e-10,5.790330812712286
60.76076076076077,2.934753551286917e-10,5.782661717768643
60.86086086086087,2.962770029313333e-10,5.775011503585877
60.96096096096097,2.990998559937452e-10,5.767380174324241
61.06106106106107,3.019439143159275e-10,5.759767733916173
61.16116116116117,3.048088448309727e-10,5.752174186091019
61.26126126126127,3.076957577619055e-10,5.74459953430222
61.36136136136137,3.106036539080037e-10,5.737043781757662
61.46146146146147,3.1353342144768703e-10,5.72950693144492
61.56156156156157,3.1648483833635055e-10,5.721988986157235
61.66166166166167,3.194580155962967e-10,5.714489948449763
61.76176176176177,3.2245295322752554e-10,5.707009820657352
61.86186186186187,3.254697622523395e-10,5.699548604871512
61.96196196196197,3.2850899778225084e-10,5.692106302986654
62.06206206206207,3.315696606165375e-10,5.684682916652046
62.16216216216217,3.3465297200052646e-10,5.677278447338991
62.26226226226227,3.3775870988961287e-10,5.669892896338322
62.36236236236237,3.4088643019458686e-10,5.662526264656924
62.46246246246247,3.4403668802696075e-10,5.655178553115915
62.56256256256257,3.472098164536419e-10,5.6478497623400985
62.66266266266267,3.5040526036311803e-10,5.640539892769594
62.76276276276277,3.5362346384459897e-10,5.633248944589488
62.86286286286287,3.568647599649921e-10,5.625976917851829
62.96296296296297,3.601284825904827e-10,5.6187238124028545
63.06306306306307,3.6341540887718793e-10,5.611489627833834
63.16316316316317,3.6672553882510783e-10,5.604274363607997
63.26326326326327,3.70058539367335e-10,5.597078018995093
63.36336336336337,3.7341474357077686e-10,5.589900593020327
63.46346346346347,3.7679448450234077e-10,5.582742084573068
63.56356356356357,3.8019742909511933e-10,5.5756024923628384
63.66366366366367,3.836237993937175e-10,5.5684818148726345
63.76376376376377,3.8707359539813524e-10,5.561380050438552
63.86386386386387,3.905473722198849e-10,5.554297197222373
63.96396396396397,3.9404457474745413e-10,5.547233253171079
64.06406406406407,3.975650919585405e-10,5.5401882160934655
64.16416416416416,4.011101450984711e-10,5.5331620836350766
64.26426426426427,4.0467862394422127e-10,5.526154853222355
64.36436436436436,4.082713056519083e-10,5.519166522182351
64.46446446446447,4.1188807919922965e-10,5.512197087592434
64.56456456456456,4.1552883356388293e-10,5.5052465464451625
64.66466466466467,4.1919367976817057e-10,5.498314895507537
64.76476476476476,4.2288295087899996e-10,5.4914021314309585
64.86486486486487,4.265964248517662e-10,5.484508250666845
64.96496496496496,4.3033432373107416e-10,5.477633249549092
65.06506506506507,4.340966475169239e-10,5.470777124238804
65.16516516516516,4.378836182539203e-10,5.463939870735888
65.26526526526527,4.4169479185285354e-10,5.457121484864804
65.36536536536536,4.4553094546984084e-10,5.450321962355765
65.46546546546547,4.4939174603797483e-10,5.443541298775694
65.56556556556556,4.532771935572555e-10,5.436779489500269
65.66566566566567,4.5718751007228775e-10,5.430036529793457
65.76576576576576,4.611226955830716e-10,5.423312414781433
65.86586586586587,4.650827500896071e-10,5.416607139464271
65.96596596596596,4.690676735918942e-10,5.409920698648213
66.06606606606607,4.730781322237476e-10,5.4032530870526
66.16616616616616,4.771131267844453e-10,5.396604299228721
66.26626626626627,4.811737674970118e-10,5.389974329599269
66.36636636636636,4.852593882276324e-10,5.3833631724569315
66.46646646646647,4.893702110209119e-10,5.376770821949675
66.56656656656656,4.935062358768505e-10,5.370197272125686
66.66666666666667,4.976675738177505e-10,5.363642516913384
66.76676676676676,5.018544468882169e-10,5.357106550042489
66.86686686686687,5.060667440659472e-10,5.350589365203571
66.96696696696696,5.103044653509414e-10,5.344090955903386
67.06706706706707,5.14567721765502e-10,5.337611315552238
67.16716716716716,5.18856513309629e-10,5.3311504374447365
67.26726726726727,5.231708399833224e-10,5.324708314724275
67.36736736736736,5.275108128088846e-10,5.318284940442406
67.46746746746747,5.318766538309205e-10,5.311880307525297
67.56756756756756,5.36267807937918e-10,5.305494408822158
67.66766766766767,5.406847192190867e-10,5.299127236988876
67.76776776776777,5.451278317636366e-10,5.292778784682748
67.86786786786787,5.495961463708454e-10,5.286449044327151
67.96796796796797,5.540907732637379e-10,5.280138008333568
68.06806806806807,5.586110463084992e-10,5.27384566895799
68.16816816816817,5.631570765274319e-10,5.267572018348149
68.26826826826827,5.677290859651407e-10,5.261317048582239
68.36836836836838,5.723270746216258e-10,5.255080751598831
68.46846846846847,5.769509314745846e-10,5.248863119278581
68.56856856856858,5.816008785686222e-10,5.242664143349585
68.66866866866867,5.86276582836831e-10,5.236483815469201
68.76876876876878,5.909782663238161e-10,5.2303221271943725
68.86886886886887,5.957060400518799e-10,5.224179069970999
68.96896896896898,6.004596819764174e-10,5.218054635213519
69.06906906906907,6.052396361866386e-10,5.21194881418079
69.16916916916918,6.10045347571031e-10,5.205861598033752
69.26926926926927,6.148770381741997e-10,5.199792977871628
69.36936936936938,6.19735041063052e-10,5.193742944682455
69.46946946946947,6.246188011260756e-10,5.187711489420346
69.56956956956958,6.295288734747828e-10,5.181698602871924
69.66966966966967,6.344648140199638e-10,5.175704275790362
69.76976976976978,6.39426733783921e-10,5.16972849882894
69.86986986986987,6.444149658335618e-10,5.1637712625800605
69.96996996996998,6.494286219904666e-10,5.1578325574929424
70.07007007007007,6.544684794107525e-10,5.151912374029683
70.17017017017018,6.595347601390245e-10,5.14601070249194
70.27027027027027,6.646265759968628e-10,5.140127533163358
70.37037037037038,6.697448151626872e-10,5.13426285619988
70.47047047047047,6.748887004803805e-10,5.128416661710134
70.57057057057058,6.800583429722451e-10,5.122588939699712
70.67067067067067,6.852542977497933e-10,5.116779680157582
70.77077077077078,6.904758986792103e-10,5.110988872956489
70.87087087087087,6.957232567827987e-10,5.105216507894362
70.97097097097098,7.009967051274657e-10,5.099462574722565
71.07107107107107,7.062957996240016e-10,5.0937270631053435
71.17117117117118,7.116207623170112e-10,5.0880099626457955
71.27127127127127,7.169712601395872e-10,5.0823112628881875
71.37137137137138,7.223479592255444e-10,5.076630953300766
71.47147147147147,7.277497493518581e-10,5.070969023335525
71.57157157157158,7.331776297192505e-10,5.065325462298943
71.67167167167167,7.386306011269994e-10,5.05970025946626
71.77177177177178,7.441093297089196e-10,5.054093404051689
71.87187187187187,7.496135934204062e-10,5.048504885252944
71.97197197197198,7.551433922614592e-10,5.042934692152352
72.07207207207207,7.606981711205663e-10,5.037382813782035
72.17217217217218,7.662787071538446e-10,5.031849239164597
72.27227227227228,7.718843342274795e-10,5.026333957200036
72.37237237237238,7.775153854083783e-10,5.020836956758983
72.47247247247248,7.831714166073311e-10,5.015358226711452
72.57257257257258,7.88852649868943e-10,5.009897755795078
72.67267267267268,7.94558641104004e-10,5.004455532745639
72.77277277277278,8.002899454240264e-10,4.999031546197695
72.87287287287288,8.060458966951956e-10,4.993625784813521
72.97297297297298,8.118266059398138e-10,4.988238237109137
73.07307307307308,8.176319621355788e-10,4.982868891613728
73.17317317317318,8.234626314163052e-10,4.9775177368425965
73.27327327327328,8.293172815143635e-10,4.972184761196308
73.37337337337338,8.35196467541266e-10,4.966869953043008
73.47347347347348,8.410998564301053e-10,4.961573300708382
73.57357357357358,8.470281143146963e-10,4.956294792505566
73.67367367367368,8.529804640389216e-10,4.951034416673358
73.77377377377378,8.589566835581763e-10,4.945792161453212
73.87387387387388,8.649572169616704e-10,4.940568014984299
73.97397397397398,8.709816201601939e-10,4.935361965379045
74.07407407407408,8.770295600868394e-10,4.930174000706555
74.17417417417418,8.831014808308169e-10,4.925004109068337
74.27427427427428,8.891967162583114e-10,4.919852278464325
74.37437437437438,8.953160435254404e-10,4.914718496838784
74.47447447447448,9.01458574453784e-10,4.909602752138967
74.57457457457458,9.076241980210398e-10,4.904505032286137
74.67467467467468,9.138130252495102e-10,4.899425325145514
74.77477477477478,9.200248340945905e-10,4.894363618512129
74.87487487487488,9.262598466008853e-10,4.8893199002143914
74.97497497497498,9.32517618679185e-10,4.884294158056203
75.07507507507508,9.387979282848846e-10,4.8792863797293995
75.17517517517518,9.451008864402866e-10,4.8742965529572295
75.27527527527528,9.514259380338785e-10,4.869324665410519
75.37537537537538,9.577737491994753e-10,4.86437070475102
75.47547547547548,9.641435427809597e-10,4.859434658572696
75.57557557557558,9.705350967337267e-10,4.854516514519592
75.67567567567568,9.769485220800789e-10,4.849616260123859
75.77577577577578,9.833837077977137e-10,4.8447338829094955
75.87587587587588,9.898406538866311e-10,4.839869370423496
75.97597597597598,9.963186942130164e-10,4.835022710145338
76.07607607607608,1.0028182728660795e-09,4.830193889533293
76.17617617617618,1.0093389457566104e-09,4.8253828960537986
76.27627627627628,1.0158802687953994e-09,4.820589717108446
76.37637637637638,1.0224423530047488e-09,4.81581434007591
76.47647647647648,1.0290250873623563e-09,4.811056752362314
76.57657657657658,1.0356283608459194e-09,4.806316941306856
76.67667667667668,1.0422516183439257e-09,4.801594894259702
76.77677677677679,1.0488948598563752e-09,4.796890598552405
76.87687687687688,1.0555581964055705e-09,4.792204041452027
76.97697697697699,1.062241294924604e-09,4.787535210236828
77.07707707707708,1.0689440443911735e-09,4.782884092196801
77.17717717717719,1.0756656676491616e-09,4.778250674547209
77.27727727727728,1.0824067198100806e-09,4.773634944542334
77.37737737737739,1.0891668678070232e-09,4.769036889391136
77.47747747747748,1.0959454455061746e-09,4.76445649625536
77.57757757757759,1.102743008019047e-09,4.759893752372327
77.67767767767768,1.109558445122616e-09,4.755348644871473
77.77777777777779,1.1163917568168813e-09,4.750821160944041
77.87787787787788,1.1232437202579604e-09,4.7463112877206575
77.97797797797799,1.1301130031782236e-09,4.7418190123314785
78.07807807807808,1.1369999386445784e-09,4.737344321908207
78.17817817817819,1.1439041935901173e-09,4.732887203539593
78.27827827827828,1.150825434947933e-09,4.728447644330608
78.37837837837839,1.1577636627180254e-09,4.7240256313585505
78.47847847847848,1.1647183217888823e-09,4.719621151733956
78.57857857857859,1.1716893011382012e-09,4.715234192509683
78.67867867867868,1.1786767117882846e-09,4.710864740741796
78.77877877877879,1.1856801096499225e-09,4.706512783492231
78.87887887887888,1.1926987175669979e-09,4.702178307779063
78.97897897897899,1.1997330906510228e-09,4.697861300674245
79.07907907907908,1.2067826737904852e-09,4.693561749222947
79.17917917917919,1.213847022896175e-09,4.6892796404000485
79.27927927927928,1.220926248990395e-09,4.685014961280263
79.37937937937939,1.228019907983935e-09,4.680767698866471
79.47947947947948,1.2351275557875852e-09,4.6765378401856035
79.57957957957959,1.242249525468253e-09,4.672325372194983
79.67967967967968,1.2493848178252165e-09,4.668130281921497
79.77977977977979,1.2565336549030803e-09,4.663952556402992
79.87987987987988,1.2636958146572397e-09,4.659792182606811
79.97997997997999,1.2708708529984847e-09,4.655649147511712
80.08008008008008,1.278058436859908e-09,4.651523438105891
80.18018018018019,1.2852580111299972e-09,4.6474150413894
80.28028028028028,1.292470241942567e-09,4.6433239444045045
80.38038038038039,1.2996936860076858e-09,4.639250134063797
80.48048048048048,1.3069286763922605e-09,4.635193597435133
80.58058058058059,1.3141753241185938e-09,4.631154321456573
80.68068068068068,1.3214324079413586e-09,4.627132293110268
80.78078078078079,1.3287003719497648e-09,4.623127499440793
80.88088088088088,1.335978438987695e-09,4.619139927397108
80.98098098098099,1.3432668310997542e-09,4.6151695639890296
81.08108108108108,1.3505649931744301e-09,4.611216396210503
81.18118118118119,1.3578723701002104e-09,4.607280411072932
81.28128128128128,1.3651888508547927e-09,4.603361595538581
81.38138138138139,1.372514213393572e-09,4.599459936698709
81.48148148148148,1.3798479026050359e-09,4.595575421455704
81.58158158158159,1.387190029511487e-09,4.591708036872743
81.68168168168168,1.3945401500237153e-09,4.587857769968026
81.78178178178179,1.4018974869856038e-09,4.584024607762799
81.88188188188188,1.4092623734640597e-09,4.58020853728184
81.98198198198199,1.4166336992360584e-09,4.576409545585509
82.08208208208208,1.4240120194131123e-09,4.572627619690328
82.18218218218219,1.431396556839104e-09,4.568862746604072
82.28228228228228,1.4387865343579165e-09,4.565114913434189
82.38238238238239,1.4461827291256668e-09,4.561384107198146
82.48248248248248,1.453583697852423e-09,4.557670314984488
82.58258258258259,1.4609897736050925e-09,4.553973523841851
82.68268268268268,1.4684002902498605e-09,4.550293720856192
82.78278278278279,1.475815469831332e-09,4.54663089310781
82.88288288288288,1.4832338690595748e-09,4.5429850276522155
82.98298298298299,1.4906562650907063e-09,4.539356111634559
83.08308308308308,1.4980816587240042e-09,4.535744132177948
83.18318318318319,1.5055096058702588e-09,4.532149076416326
83.28328328328328,1.512940328574075e-09,4.528570931444774
83.38338338338339,1.520373160701638e-09,4.525009684417149
83.48348348348348,1.5278075471414354e-09,4.521465322452628
83.58358358358359,1.5352435989157698e-09,4.517937832713835
83.68368368368368,1.5426802058016165e-09,4.51442720239263
83.78378378378379,1.5501178118881853e-09,4.510933418646053
83.88388388388388,1.5575555289970566e-09,4.507456468691446
83.98398398398399,1.5649931350836255e-09,4.503996339715228
84.08408408408408,1.572430408103287e-09,4.5005530188994864
84.18418418418419,1.5798667929445287e-09,4.497126493492159
84.28428428428428,1.5873017344958384e-09,4.493716750691914
84.38438438438439,1.5947352327572162e-09,4.490323777777036
84.48448448448448,1.6021667326171496e-09,4.486947561997333
84.58458458458459,1.609595567941824e-09,4.483588090632721
84.68468468468468,1.617021960775844e-09,4.480245350950196
84.78478478478479,1.6244452449853952e-09,4.4769193302361785
84.88488488488488,1.6318648654589651e-09,4.473610015827055
84.98498498498499,1.6392804891296464e-09,4.470317395047199
85.08508508508508,1.6466915608859267e-09,4.4670414552077675
85.18518518518519,1.6540984137947135e-09,4.463782183706438
85.28528528528528,1.6614993825214697e-09,4.4605395677986985
85.38538538538539,1.6688952442223126e-09,4.4573135949233205
85.4854854854855,1.6762855548080324e-09,4.454104252479888
85.58558558558559,1.6836687599663946e-09,4.45091152785435
85.6856856856857,1.6910458588981214e-09,4.4477354084892795
85.78578578578579,1.6984156303578857e-09,4.444575881786112
85.8858858858859,1.7057776302564776e-09,4.44143293518755
85.98598598598599,1.713131858593897e-09,4.43830655619231
86.0860860860861,1.7204774271917245e-09,4.435196732259777
86.18618618618619,1.7278146691168672e-09,4.432103450859026
86.2862862862863,1.7351421410793932e-09,4.429026699517069
86.38638638638639,1.7424606202354198e-09,4.425966465724299
86.4864864864865,1.749768663295015e-09,4.422922737094405
86.58658658658659,1.757066159235876e-09,4.419895501156417
86.6866866866867,1.7643529970357008e-09,4.41688474543379
86.78678678678679,1.771628399538372e-09,4.41389045756113
86.8868868868869,1.7788921446992845e-09,4.410912625137598
86.98698698698699,1.7861435663846237e-09,4.4079512357255926
87.0870870870871,1.793382775616692e-09,4.40500627701661
87.18718718718719,1.8006088842170698e-09,4.4020777366343715
87.2872872872873,1.8078211150296397e-09,4.399165602269644
87.38738738738739,1.8150200231659142e-09,4.396269861592021
87.4874874874875,1.822204387380566e-09,4.393390502339598
87.58758758758759,1.8293742076735953e-09,4.390527512200086
87.6876876876877,1.8365289289334896e-09,4.387680878944384
87.78778778778779,1.8436678850264343e-09,4.384850590294268
87.8878878878879,1.8507910759524293e-09,4.382036634073444
87.98798798798799,1.8578975025107525e-09,4.379238998024521
88.0880880880881,1.8649872757237063e-09,4.376457669959808
88.18818818818819,1.8720596184351734e-09,4.373692637693979
88.2882882882883,1.8791141975782466e-09,4.370943889061213
88.38838838838839,1.8861509021306233e-09,4.368211411933732
88.4884884884885,1.8931689549361863e-09,4.365495194221711
88.58858858858859,1.9001680229280282e-09,4.362795223773566
88.6886886886887,1.9071475509946367e-09,4.360111488543777
88.78878878878879,1.914107317091407e-09,4.357443976460133
88.8888888888889,1.9210460999730117e-09,4.354792675471321
88.988988988989,1.9279644547509633e-09,4.352157573552791
89.0890890890891,1.9348618263137496e-09,4.349538658684493
89.1891891891892,1.9417372154606483e-09,4.346935918873133
89.2892892892893,1.9485909552585667e-09,4.34434934213358
89.3893893893894,1.9554214913952706e-09,4.3417789165407115
89.4894894894895,1.962229823071482e-09,4.339224630110065
89.5895895895896,1.9690142849526637e-09,4.336686470969601
89.6896896896897,1.975775099083421e-09,4.3341644272063755
89.7897897897898,1.9825114883076367e-09,4.331658486935878
89.8898898898899,1.9892234526253105e-09,4.329168638284704
89.98998998999,1.995910103858023e-09,4.326694869425401
90.0900900900901,2.0025708868942615e-09,4.324237168541971
90.1901901901902,2.009205912756329e-09,4.321795523782767
90.2902902902903,2.0158146263327126e-09,4.319369923459678
90.3903903903904,2.0223962504672954e-09,4.316960355780141
90.4904904904905,2.0289505631154725e-09,4.314566808935506
90.5905905905906,2.035477120188034e-09,4.312189271212
90.6906906906907,2.041975699640375e-09,4.309827730948114
90.7907907907908,2.048445302271773e-09,4.307482176429228
90.8908908908909,2.0548859280822285e-09,4.305152596008476
90.990990990991,2.0612973550271363e-09,4.302838977953844
91.0910910910911,2.0676786949280768e-09,4.3005413107199715
91.1911911911912,2.0740296147181425e-09,4.298259582695324
91.2912912912913,2.0803496703081237e-09,4.29599378228594
91.3913913913914,2.086638750675718e-09,4.293743897916589
91.4914914914915,2.092895967642505e-09,4.291509918032613
91.5915915915916,2.0991215432530907e-09,4.289291831063345
91.6916916916917,2.1053144783067523e-09,4.287089625560934
91.7917917917918,2.11147432871428e-09,4.284903289945515
91.8918918918919,2.1176005393641617e-09,4.282732812828755
91.991991991992,2.1236936653679095e-09,4.280578182723503
92.0920920920921,2.129752374457894e-09,4.278439388183365
92.1921921921922,2.1357765556118125e-09,4.2763164178686965
92.2922922922923,2.1417658757627578e-09,4.274209260292782
92.3923923923924,2.14771944673231e-09,4.272117904129094
92.4924924924925,2.1536372685204697e-09,4.270042338023938
92.5925925925926,2.1595191190826313e-09,4.267982550578702
92.6926926926927,2.165363999218073e-09,4.265938530541244
92.7927927927928,2.171172241993702e-09,4.263910266631908
92.8928928928929,2.1769425151418886e-09,4.2618977475123945
92.992992992993,2.182675262751843e-09,4.259900961972601
93.0930930930931,2.188369929712053e-09,4.257919898744006
93.1931931931932,2.1940254057994935e-09,4.2559545466030775
93.2932932932933,2.199642024081072e-09,4.2540048943875615
93.3933933933934,2.2052192294452766e-09,4.252070930929132
93.4934934934935,2.210756799847502e-09,4.25015264503732
93.5935935935936,2.216253736087026e-09,4.248250025618643
93.6936936936937,2.2217103712307562e-09,4.246363061541581
93.7937937937938,2.227125595055668e-09,4.24449174161767
93.8938938938939,2.232499851650971e-09,4.242636054878467
93.993993993994,2.237832141815943e-09,4.240795990163467
94.0940940940941,2.243121910439072e-09,4.23897153651398
94.1941941941942,2.2483697126318702e-09,4.237162682867681
94.2942942942943,2.2535741051044056e-09,4.235369418261921
94.3943943943944,2.2587356429681904e-09,4.233591731681761
94.4944944944945,2.263853438044805e-09,4.23182961217846
94.5945945945946,2.2689266021558296e-09,4.230083048787279
94.6946946946947,2.2739559124573816e-09,4.228352030592683
94.7947947947948,2.2789402587264362e-09,4.226636546715739
94.8948948948949,2.283879751985296e-09,4.224936586259364
94.994994994995,2.2887735040555413e-09,4.223252138328027
95.0950950950951,2.2936211818702645e-09,4.221583192096538
95.1951951951952,2.2984228964517683e-09,4.219929736776035
95.2952952952953,2.3031786478000527e-09,4.218291761493809
95.3953953953954,2.307886659558278e-09,4.216669255465408
95.4954954954955,2.3125481529717717e-09,4.215062207927741
95.5955955955956,2.3171614627059967e-09,4.213470608155088
95.6956956956957,2.3217270328501627e-09,4.211894445391712
95.7957957957958,2.32624441931506e-09,4.210333708937735
95.8958958958959,2.330713511078386e-09,4.208788388098013
95.995995995996,2.3351331979171164e-09,4.207258472234528
96.0960960960961,2.3395041459650656e-09,4.205743950646915
96.1961961961962,2.3438253560215117e-09,4.204244812656331
96.2962962962963,2.348096717064152e-09,4.202761047677698
96.3963963963964,2.3523180070483818e-09,4.201292645133497
96.4964964964965,2.3564888929072936e-09,4.199839594400693
96.5965965965966,2.360608819529375e-09,4.1984018849864375
96.6966966966967,2.3646775648700213e-09,4.196979506265325
96.7967967967968,2.36869501790693e-09,4.195572447779141
96.8968968968969,2.3726612896624033e-09,4.194180698937493
96.996996996997,2.3765749368465094e-09,4.192804249334798
97.0970970970971,2.3804365145707607e-09,4.191443088487272
97.1971971971972,2.384245800790552e-09,4.190097205922268
97.2972972972973,2.3880020183497663e-09,4.188766591177285
97.3973973973974,2.391705500315311e-09,4.187451233887422
97.4974974974975,2.395355136464161e-09,4.186151123595021
97.5975975975976,2.3989519259970393e-09,4.18486625001124
97.6976976976977,2.4024942035794083e-09,4.183596602703335
97.7977977977978,2.4059823022781757e-09,4.182342171319008
97.8978978978979,2.409415889026434e-09,4.181102945555521
97.997997997998,2.412795407913393e-09,4.179878915087921
98.0980980980981,2.4161198597383304e-09,4.178670069692575
98.1981981981982,2.4193892445012466e-09,4.177476399038245
98.2982982982983,2.4226028960683266e-09,4.1762978928773045
98.3983983983984,2.4257611475064778e-09,4.17513454097847
98.4984984984985,2.4288637767710952e-09,4.173986333089118
98.5985985985986,2.4319098956837593e-09,4.172853259043953
98.6986986986987,2.434900281400587e-09,4.17173530858898
98.7987987987988,2.437833268587042e-09,4.1706324716604115
98.8988988988989,2.440710411555358e-09,4.169544738036964
98.998998998999,2.4435306000825108e-09,4.168472097603075
99.0990990990991,2.446293279056988e-09,4.167414540260542
99.1991991991992,2.4489986705233946e-09,4.166372055946746
99.2992992992993,2.451647107548638e-09,4.1653446344775364
99.3993993993994,2.454236924798181e-09,4.164332265810063
99.4994994994995,2.456769565561956e-09,4.163334939956451
99.5995995995996,2.4592438085946355e-09,4.162352646843057
99.6996996996997,2.461659875940825e-09,4.161385376503438
99.7997997997998,2.4640175455559188e-09,4.160433118853138
99.8998998998999,2.46631692846222e-09,4.159495863931444
100.0,2.468557025459006e-09,4.158573601835625
